Tumor_Sample_Barcode	PATIENT_ID	SPECIAL_HISTOLOGY	INSTITUTE	GENE_PANEL	SAMPLE_TYPE	PRIMARY_SITE	TISSUE_SEQUENCED	METASTATIC_SITE	DIFFERENTIATION	SPECIMEN_PRESERVATION_TYPE	ERROR_PERCENT	MEDIAN_COVERAGE	SOMATIC_STATUS	MSI_SCORE	MSI_TYPE	TUMOR_PURITY	CANCER_TYPE	CANCER_TYPE_DETAILED	SAMPLE_COVERAGE	ONCOTREE_CODE	AGE_AT_SEQ_REPORTED_YEARS	ARCHER	CLASSIFICATION_OF_PRIMARY_SITE	DURATION_IBD_AT_DX_10_YEARS	PRIMARY_HISTOLOGY	PATHOLOGY_OF_NORMAL_MUCOSA	IBD_STATUS_AT_DIAGNOSIS	PRESENTATION	INTERVAL_FROM_LAST_COLONOSCOPY_TO_CAC_DX	RESECTABLE	FIRST_SITE_OF_METS	LIVER_FSM	LUNG_FSM	BONE_FSM	LN_FSM	PAO_FSM	GYN_FSM	PELVIS_FSM	BRAIN_FSM	OTHER_FSM	LIVER_TIME_INTERVAL	LUNG_TIME_INTERVAL	BONE_TIME_INTERVAL	TMB_NONSYNONYMOUS
P-0000979-T01-IM3	P-0000979	No	MSK-IMPACT	IMPACT341	Metastasis	R Colon	Liver	Liver	Mod	NA	NA	459	Matched	0.34	Stable	60	Colorectal Cancer	Colon Adenocarcinoma	459	COAD	57	NO	R side	Greater	Mod Diff	Active enteritis	Quiescent	Bowel Symptoms	>5_YEARS	No	Liver	Yes	NA	NA	NA	NA	NA	NA	NA	NA	0	NA	NA	15.52817421
P-0002512-T02-IM5	P-0002512	NA	MSK-IMPACT	IMPACT410	Metastasis	Rectum	Chest Wall	Chest Wall	NA	NA	NA	901	Matched	1.16	Stable	80	Colorectal Cancer	Rectal Adenocarcinoma	901	READ	58	NO	L side	Greater	Mod-poorly Diff	Active enteritis	Active IBD	Bowel Symptoms	NA	No	Bone	NA	NA	Yes	NA	NA	NA	NA	NA	NA	9.763313609	NA	0	5.872318186
P-0002960-T01-IM3	P-0002960	No	MSK-IMPACT	IMPACT341	Metastasis	Rectum	Lung	Lung	Mod	NA	NA	578	Matched	0.17	Stable	20	Colorectal Cancer	Rectal Adenocarcinoma	578	READ	52	NO	L side	Greater	NA	Active enteritis	Procto/Colectomy	Bowel Symptoms	NA	No	Lungs	NA	Yes	NA	NA	NA	NA	NA	NA	NA	NA	0	NA	13.30986361
P-0004401-T01-IM5	P-0004401	Combined adenocarcinoma - high grade neuroendocrine carcinoma of small cell type	MSK-IMPACT	IMPACT410	Primary	Sigmoid	Colon	Not Applicable	Poor	NA	NA	480	Matched	0.42	Stable	40	Colorectal Cancer	Colon Adenocarcinoma	480	COAD	49	NO	L side	Greater	Poorly Diff	Active enteritis	Active IBD	Bowel Symptoms	NA	No	NA	NA	NA	NA	NA	NA	NA	NA	NA	NA	NA	NA	NA	5.872318186
P-0004401-T02-IM6	P-0004401	No	MSK-IMPACT	IMPACT468	Metastasis	Rectum	Small Bowel	Small Bowel	Poor	NA	NA	927	Matched	0.95	Stable	10	Colorectal Cancer	Rectal Adenocarcinoma	927	READ	51	NO	L side	Greater	Poorly Diff	NA	Active IBD	Screening Colonoscopy	NA	No	Peritoneum, Small Intestine	NA	NA	NA	NA	Yes	NA	NA	NA	Yes	3.320184089	NA	8.711374096	25.94094285
P-0006184-T01-IM5	P-0006184	No	MSK-IMPACT	IMPACT410	Primary	Rectum	Rectum	Not Applicable	Poor	NA	NA	985	Matched	0	Stable	20	Rectal Adenocarcinoma	Rectal Adenocarcinoma	985	READ	57	NO	L side	Greater	Poorly Diff	Active enteritis	Active IBD	Screening Colonoscopy	1_3_YEARS	NA	NA	NA	NA	NA	NA	NA	NA	NA	NA	NA	NA	NA	NA	7.829757581
P-0007637-T01-IM5	P-0007637	NA	MSKCC	IMPACT410	Primary	Rectum	NA	Not Applicable	NA	NA	NA	NA	Matched	0.26	Stable	40	Colorectal Cancer	Rectal Adenocarcinoma	857	READ	49	NO	L side	Greater	Mod Diff	Chronic inactive enteritis	Active IBD	Fistula/Abscess/Stricture	NA	NA	NA	NA	NA	NA	NA	NA	NA	NA	NA	NA	NA	NA	NA	0.978719698
P-0007999-T01-IM5	P-0007999	No	MSK-IMPACT	IMPACT410	Primary	Ascending Colon	Colon	Not Applicable	Mod-Poor	NA	NA	868	Matched	0.25	Stable	30	Colorectal Cancer	Colon Adenocarcinoma	868	COAD	56	NO	R side	Greater	Mod-poorly Diff	Unremarkable	Active IBD	Bowel Symptoms	NA	No	Lungs, Peritoneum	NA	Yes	NA	NA	Yes	NA	NA	NA	NA	NA	0	NA	21.53183335
P-0009200-T01-IM5	P-0009200	NA	MSK-IMPACT	IMPACT410	Metastasis	Descending Colon	Peritoneum	Peritoneum	NA	NA	NA	830	Matched	0.43	Stable	40	Colorectal Cancer	Colon Adenocarcinoma	830	COAD	65	NO	L side	Greater	Mod Diff	NA	Quiescent	Bowel Symptoms	NA	No	Peritoneum	NA	NA	NA	NA	Yes	NA	NA	NA	NA	NA	NA	NA	7.829757581
P-0009993-T01-IM5	P-0009993	No	MSK-IMPACT	IMPACT410	Primary	Sigmoid	Colon	Not Applicable	Mod	NA	NA	733	Matched	1.25	Stable	50	Colon Adenocarcinoma	Colon Adenocarcinoma	733	COAD	75	NO	L side	Greater	Mod Diff	Unremarkable	Quiescent	Bowel Symptoms	3_5_YEARS	Yes	Liver	Yes	NA	NA	NA	NA	NA	NA	NA	NA	0	95.2991453	NA	7.829757581
P-0010009-T01-IM5	P-0010009	NA	MSK-IMPACT	IMPACT410	Metastasis	Rectum	Lung	Lung	NA	NA	NA	1178	Matched	0.08	Stable	40	Colorectal Adenocarcinoma	Colorectal Adenocarcinoma	1178	COADREAD	42	NO	L side	Greater	Mod Diff	NA	Procto/Colectomy	Imaging	NA	Yes	Lung	Yes	NA	NA	NA	NA	NA	NA	NA	NA	0	NA	58.02103879	5.872318186
P-0010118-T01-IM5	P-0010118	Mucinous features, signet ring features	MSK-IMPACT	IMPACT410	Primary	L Colon	Colon	Not Applicable	Poor	NA	NA	814	Matched	0.15	Stable	20	Colorectal Cancer	Signet Ring Cell Adenocarcinoma of the Colon and Rectum	814	SRCCR	49	NO	L side	Greater	Poorly Diff	NA	Active IBD	Bowel Symptoms	NA	No	Peritoneum	NA	NA	NA	NA	Yes	NA	NA	NA	NA	NA	NA	NA	7.829757581
P-0010497-T01-IM5	P-0010497	No	MSK-IMPACT	IMPACT410	Primary	Sigmoid	Colon	Not Applicable	Poor	NA	NA	762	Matched	0.69	Stable	50	Colorectal Adenocarcinoma	Colorectal Adenocarcinoma	762	COADREAD	31	NO	L side	Greater	Poorly Diff	Chronic inactive enteritis	Quiescent	Bowel Symptoms	3_5_YEARS	No	Peritoneum, Pelvis	NA	NA	NA	NA	Yes	NA	Yes	NA	NA	NA	NA	NA	15.65951516
P-0010951-T01-IM5	P-0010951	No	MSK-IMPACT	IMPACT410	Primary	Ileum	Small Bowel	Not Applicable	Mod	NA	NA	886	Matched	0.49	Stable	20	Small Bowel Cancer	Small Bowel Cancer	886	SBC	38	NO	R side	Less	Mod Diff	Active enteritis	Active IBD	Fistula/Abscess/Stricture	1_YEAR	NA	NA	NA	NA	NA	NA	NA	NA	NA	NA	NA	NA	NA	NA	5.872318186
P-0011184-T01-IM5	P-0011184	NA	MSK-IMPACT	IMPACT410	Primary	Transverse Colon	Colon	Not Applicable	NA	NA	NA	980	Matched	0	Stable	30	Colorectal Cancer	Colon Adenocarcinoma	980	COAD	32	NO	R side	Greater	Mod Diff	Active enteritis	Active IBD	Bowel Symptoms	3_5_YEARS	No	Liver	Yes	NA	NA	NA	NA	NA	NA	NA	NA	0.06574622	29.12557528	NA	13.70207577
P-0011396-T01-IM5	P-0011396	Mucinous features; signet ring features	MSK-IMPACT	IMPACT410	Primary	Rectum	Rectum	Not Applicable	Mod-Poor	NA	NA	977	Matched	0.6	Stable	20	Colorectal Cancer	Rectal Adenocarcinoma	977	READ	55	NO	L side	Greater	Mod-poorly Diff	Active enteritis	Active IBD	Screening Colonoscopy	1_3_YEARS	NA	NA	NA	NA	NA	NA	NA	NA	NA	NA	NA	NA	NA	NA	11.74463637
P-0011445-T01-IM5	P-0011445	No	MSK-IMPACT	IMPACT410	Primary	Rectum	Rectum	Not Applicable	Mod	NA	NA	906	Matched	0	Stable	10	Colorectal Cancer	Rectal Adenocarcinoma	906	READ	44	NO	L side	Greater	Mod-poorly Diff	Unremarkable	Active IBD	Screening Colonoscopy	1_3_YEARS	No	NA	NA	NA	NA	NA	NA	NA	NA	NA	NA	NA	NA	NA	11.74463637
P-0012110-T01-IM5	P-0012110	NA	MSK-IMPACT	IMPACT410	Metastasis	Rectal	Liver	Liver	NA	NA	NA	991	Matched	0.39	Stable	30	Colorectal Cancer	Rectal Adenocarcinoma	991	READ	36	NO	L side	Greater	Poorly Diff	NA	Active IBD	Bowel Symptoms	1_YEAR	No	Liver, Lung, Bone	Yes	Yes	Yes	NA	NA	NA	NA	NA	NA	0	0	0	5.872318186
P-0012416-T01-IM5	P-0012416	Mucinous	MSK-IMPACT	IMPACT410	Primary	Ileocolonic Anastomosis	Colon	Not Applicable	Mod	NA	NA	1164	Matched	0	Stable	30	Small Bowel Cancer	Small Bowel Cancer	1164	SBC	70	NO	R side	Greater	Mod Diff	Active enteritis	Active IBD	Fistula/Abscess/Stricture	NA	NA	NA	NA	NA	NA	NA	NA	NA	NA	NA	NA	NA	NA	NA	17.61695456
P-0012723-T01-IM5	P-0012723	No	MSK-IMPACT	IMPACT410	Primary	Sigmoid	Colon	Not Applicable	Mod	NA	NA	1039	Matched	0.14	Stable	60	Colorectal Cancer	Colon Adenocarcinoma	1039	COAD	55	NO	L side	Greater	NA	NA	Active IBD	Bowel Symptoms	1_3_YEARS	No	Pelvis, Ovary	NA	NA	NA	NA	NA	Yes	Yes	NA	NA	NA	NA	NA	5.872318186
P-0014021-T01-IM5	P-0014021	Mucinous	MSK-IMPACT	IMPACT410	Primary	Rectum	Rectum	Vagina	Mod	NA	NA	917	Matched	2.74	Stable	30	Colorectal Cancer	Rectal Adenocarcinoma	917	READ	60	NO	L side	Greater	Mod Diff	Chronic inactive enteritis	Active IBD	Fistula/Abscess/Stricture	1_3_YEARS	No	NA	NA	NA	NA	NA	NA	NA	NA	NA	NA	NA	NA	NA	19.57439395
P-0014499-T01-IM6	P-0014499	Signet ring cell	MSK-IMPACT	IMPACT468	Primary	Rectum	Rectum	Not Applicable	Poor	NA	NA	549	Matched	0	Stable	20	Colorectal Cancer	Rectal Adenocarcinoma	549	READ	57	NO	L side	Greater	Poorly Diff	Unremarkable	Active IBD	Bowel Symptoms	1_YEAR	No	Peritoneum	NA	NA	NA	NA	Yes	NA	NA	NA	NA	NA	NA	NA	3.4587923800000002
P-0015493-T01-IM6	P-0015493	Focal neuroendocrine component	MSK-IMPACT	IMPACT468	Primary	Small Intestine	Small Bowel	Not Applicable	Poor	NA	NA	664	Matched	0.23	Do not report	20	Small Bowel Cancer	Duodenal Adenocarcinoma	664	DA	69	YES	Small Intestine	Greater	Poorly Diff	NA	Quiescent	Bowel Symptoms	NA	No	NA	NA	NA	NA	NA	NA	NA	NA	NA	NA	NA	NA	NA	3.4587923800000002
P-0015635-T01-IM6	P-0015635	No	MSK-IMPACT	IMPACT468	Primary	Ileum	Small Bowel	Not Applicable	Mod	NA	NA	701	Matched	0.55	Do not report	30	Small Bowel Cancer	Small Bowel Cancer	701	SBC	52	NO	Small Intestine	Greater	Mod Diff	Chronic inactive enteritis	Active IBD	Fistula/Abscess/Stricture	NA	NA	NA	NA	NA	NA	NA	NA	NA	NA	NA	NA	NA	NA	NA	5.18818857
P-0016443-T02-IM6	P-0016443	No	MSK-IMPACT	IMPACT468	Primary	Ileum	Small Bowel	Not Applicable	Mod	NA	NA	601	Matched	0.15	Stable	10	Cancer of Unknown Primary	Adenocarcinoma, NOS	601	ADNOS	38	NO	Small Intestine	Greater	Mod Diff	Active enteritis	Active IBD	Fistula/Abscess/Stricture	1_3_YEARS	NA	NA	NA	NA	NA	NA	NA	NA	NA	NA	NA	NA	NA	NA	3.4587923800000002
P-0017016-T01-IM6	P-0017016	No	MSK-IMPACT	IMPACT468	Primary	Rectum	Rectum	Not Applicable	Mod	NA	NA	631	Matched	0.77	Do not report	60	Colorectal Adenocarcinoma	Colorectal Adenocarcinoma	631	COADREAD	50	NO	L side	Greater	Poorly Diff	Active enteritis	Active IBD	Bowel Symptoms	1_YEAR	NA	NA	NA	NA	NA	NA	NA	NA	NA	NA	NA	NA	NA	NA	13.835169520000001
P-0018857-T01-IM6	P-0018857	Mucinous Features	MSK-IMPACT	IMPACT468	Metastasis	Ileum	Liver	Liver	Poor	NA	NA	1096	Matched	0.97	Do not report	30	Small Bowel Cancer	Small Bowel Cancer	1096	SBC	58	NO	Small Intestine	Greater	Poorly Diff	NA	Active IBD	Fistula/Abscess/Stricture	NA	No	Liver	Yes	NA	NA	NA	NA	NA	NA	NA	NA	0	NA	10.02629849	6.9175847600000004
P-0019621-T01-IM6	P-0019621	NA	MSK-IMPACT	IMPACT468	Metastasis	Anal	Vagina	Vagina	NA	NA	NA	350	Matched	0.51	Stable	10	Colorectal Cancer	Rectal Adenocarcinoma	350	READ	44	NO	Anal Fistula	Greater	Mod Diff	Active enteritis	Active IBD	Fistula/Abscess/Stricture	NA	NA	NA	NA	NA	NA	NA	NA	NA	NA	NA	NA	NA	NA	NA	5.18818857
P-0020135-T01-IM6	P-0020135	NA	MSK-IMPACT	IMPACT468	Primary	Rectum	Rectum	Not Applicable	NA	NA	NA	766	Matched	0.06	Stable	20	Colorectal Cancer	Colon Adenocarcinoma	766	COAD	36	YES	L side	Greater	Mod Diff	Unremarkable	Active IBD	Bowel Symptoms	NA	No	Liver	Yes	NA	NA	NA	NA	NA	NA	NA	NA	0	NA	11.90006575	3.4587923800000002
P-0020480-T01-IM6	P-0020480	NA	MSKCC	IMPACT468	Metastasis	Colon	NA	Peritoneum	NA	NA	NA	NA	Matched	0.26	Stable	20	Colorectal Cancer	Colon Adenocarcinoma	899	COAD	67	NO	R side	NA	Poorly Diff	Active enteritis	NA	NA	1_3_YEARS	No	Peritoneum	NA	NA	NA	NA	Yes	NA	NA	NA	NA	NA	NA	NA	3.4587923800000002
P-0021194-T01-IM6	P-0021194	NA	MSKCC	IMPACT468	Primary	Colon	NA	Not Applicable	NA	NA	NA	NA	Matched	0.37	Stable	20	Colorectal Cancer	Colon Adenocarcinoma	486	COAD	43	YES	R side	Greater	Poorly Diff	NA	Active IBD	Metastatic Disease	NA	No	LNs, Liver, Lungs	Yes	Yes	NA	Yes	NA	NA	NA	NA	NA	1.808021039	1.808021039	NA	2.594094285
P-0022336-T01-IM6	P-0022336	NA	MSK-IMPACT	IMPACT468	Primary	Rectum	Rectum	Not Applicable	NA	NA	NA	688	Matched	1.39	Stable	60	Colorectal Cancer	Colorectal Adenocarcinoma	688	COADREAD	42	NO	L side	Greater	Poorly Diff	Chronic inactive enteritis	Quiescent	Fistula/Abscess/Stricture	1_YEAR	No	NA	NA	NA	NA	NA	NA	NA	NA	NA	NA	NA	NA	NA	8.64698095
P-0022822-T01-IM6	P-0022822	No	MSK-IMPACT	IMPACT468	Primary	Rectosigmoid	Colon	Not Applicable	Poor	NA	NA	474	Matched	0.24	Stable	20	Colorectal Cancer	Colon Adenocarcinoma	474	COAD	68	YES	L side	Greater	Poorly Diff	Active enteritis	Active IBD	Bowel Symptoms	1_YEAR	NA	NA	NA	NA	NA	NA	NA	NA	NA	NA	NA	NA	NA	NA	8.64698095
P-0025046-T01-IM6	P-0025046	No	MSK-IMPACT	IMPACT468	Primary	Rectum	Rectum	Not Applicable	Mod-Poor	NA	NA	562	Matched	1.3	Stable	80	Colorectal Cancer	Rectal Adenocarcinoma	562	READ	51	NO	L side	Greater	Mod-poorly Diff	Unremarkable	Active IBD	Bowel Symptoms	1_3_YEARS	No	LN	NA	NA	NA	Yes	NA	NA	NA	NA	NA	NA	11.27547666	22.55095332	6.9175847600000004
P-0027113-T01-IM6	P-0027113	NA	MSKCC	IMPACT468	Primary	Colon	NA	Not Applicable	NA	NA	NA	NA	Matched	0.26	Stable	20	Colorectal Cancer	Colon Adenocarcinoma	512	COAD	53	NO	L side	Greater	Poorly Diff	Active enteritis	Active IBD	Bowel Symptoms	1_3_YEARS	No	Liver	Yes	NA	NA	NA	NA	NA	NA	NA	NA	0	NA	NA	5.18818857
P-0027647-T01-IM6	P-0027647	NA	MSKCC	IMPACT468	Metastasis	Colon	NA	Liver	NA	NA	NA	NA	Matched	0.16	Stable	30	Colorectal Cancer	Colon Adenocarcinoma	610	COAD	67	NO	L side	Greater	Mod Diff	Chronic inactive enteritis	Quiescent	Fistula/Abscess/Stricture	>5_YEARS	Yes	Liver	Yes	NA	NA	NA	NA	NA	NA	NA	NA	0	16.89677844	36.68639053	5.18818857
P-0028512-T01-IM6	P-0028512	NA	MSKCC	IMPACT468	Metastasis	Colon	NA	Liver	NA	NA	NA	NA	Matched	9.98	Do not report	70	Colorectal Cancer	Colon Adenocarcinoma	109	COAD	76	NO	R side	Greater	Mod-poorly Diff	Unremarkable	Active IBD	Screening Colonoscopy	NA	Yes	Liver	Yes	NA	NA	NA	NA	NA	NA	NA	NA	0	NA	NA	10.37637714
P-0028913-T01-IM6	P-0028913	No	MSK-IMPACT	IMPACT468	Primary	Rectum	Rectum	Not Applicable	Mod-Poor	NA	NA	708	Matched	1.21	Stable	50	Colorectal Cancer	Rectal Adenocarcinoma	708	READ	54	NO	L side	Greater	Mod-poorly Diff	Chronic inactive enteritis	Quiescent	Screening Colonoscopy	1_3_YEARS	No	Lung, Liver, Bone	Yes	Yes	Yes	NA	NA	NA	NA	NA	NA	0	0	0	15.56456571
P-0029060-T01-IM6	P-0029060	No	MSK-IMPACT	IMPACT468	Primary	Small Intestine	Small Bowel	Not Applicable	Mod	NA	NA	556	Matched	0	Stable	30	Small Bowel Cancer	Small Bowel Cancer	556	SBC	67	NO	Small Intestine	Greater	Mod Diff	Active enteritis	Active IBD	Bowel Symptoms	NA	No	Bone, Liver, LNs, Lungs	Yes	Yes	Yes	Yes	NA	NA	NA	NA	NA	0	0	0	6.9175847600000004
P-0030802-T01-IM6	P-0030802	NA	MSKCC	IMPACT468	Primary	Colon	NA	Pelvis	NA	NA	NA	NA	Matched	0	Stable	30	Colorectal Cancer	Mucinous Adenocarcinoma of the Colon and Rectum	517	MACR	50	NO	L side	Greater	Mod-poorly Diff	Active enteritis	Procto/Colectomy	Bowel Symptoms	1_YEAR	No	PAO	NA	NA	NA	NA	NA	NA	Yes	NA	NA	NA	NA	NA	4.323490475
P-0030865-T01-IM6	P-0030865	mucinous	MSK-IMPACT	IMPACT468	Primary	Rectum	Rectum	Not Applicable	Mod	NA	NA	569	Matched	0	Stable	30	Colorectal Cancer	Mucinous Adenocarcinoma of the Colon and Rectum	569	MACR	44	NO	L side	Greater	Mod Diff	Chronic inactive enteritis	Active IBD	Fistula/Abscess/Stricture	1_3_YEARS	No	Skin	NA	NA	NA	NA	NA	NA	NA	NA	Yes	NA	NA	NA	8.64698095
P-0032010-T01-IM6	P-0032010	Signet ring	MSK-IMPACT	IMPACT468	Primary	Transverse Colon	Colon	Not Applicable	Poor	NA	NA	512	Matched	0	Stable	30	Colorectal Cancer	Signet Ring Cell Adenocarcinoma of the Colon and Rectum	512	SRCCR	47	YES	R side	Less	Poorly Diff	Active enteritis	Active IBD	Bowel Symptoms	1_3_YEARS	No	Peritoneum	NA	NA	NA	NA	Yes	NA	NA	NA	NA	NA	NA	NA	13.835169520000001
P-0032044-T01-IM6	P-0032044	No	MSK-IMPACT	IMPACT468	Metastasis	Rectum	Liver	Liver	Poor	NA	NA	396	Matched	0.15	Stable	60	Colorectal Adenocarcinoma	Colorectal Adenocarcinoma	396	COADREAD	66	YES	L side	Greater	Poorly Diff	Active enteritis	Active IBD	Bowel Symptoms	NA	No	Liver, LNs	Yes	NA	NA	Yes	NA	NA	NA	NA	NA	0	15.97633136	33.00460224	6.9175847600000004
P-0032052-T01-IM6	P-0032052	NA	MSKCC	IMPACT468	Primary	Colon	NA	Not Applicable	NA	NA	NA	NA	Matched	0.16	Stable	20	Colorectal Cancer	Colon Adenocarcinoma	337	COAD	82	NO	R side	Greater	Mod Diff	Active enteritis	Active IBD	Bowel Symptoms	1_YEAR	No	N/A	NA	NA	NA	NA	NA	NA	NA	NA	NA	NA	NA	NA	3.4587923800000002
P-0032985-T01-IM6	P-0032985	No	MSK-IMPACT	IMPACT468	Primary	Ileum	Small Bowel	Not Applicable	Well	NA	NA	534	Matched	0.54	Stable	50	Small Bowel Cancer	Small Bowel Cancer	534	SBC	76	YES	Small Intestine	Greater	Mod Diff	Active enteritis	Active IBD	Bowel Symptoms	NA	No	NA	NA	NA	NA	NA	NA	NA	NA	NA	NA	NA	NA	NA	12.10577333
P-0033141-T01-IM6	P-0033141	Mucinous features, signet ring features	MSK-IMPACT	IMPACT468	Primary	Sigmoid	Colon	Not Applicable	Poor	NA	NA	643	Matched	0	Stable	10	Colorectal Cancer	Colon Adenocarcinoma	643	COAD	75	YES	L side	Greater	Poorly Diff	NA	Quiescent	Bowel Symptoms	>5_YEARS	No	Pelvis	NA	NA	NA	NA	NA	NA	Yes	NA	NA	NA	NA	NA	12.10577333
P-0033800-T01-IM6	P-0033800	NA	MSKCC	IMPACT468	Primary	Rectum	NA	Not Applicable	NA	NA	NA	NA	Matched	0	Stable	30	Rectal Adenocarcinoma	Rectal Adenocarcinoma	576	READ	49	YES	L side	Greater	Mod-poorly Diff	Chronic inactive enteritis	Quiescent	Bowel Symptoms	NA	No	Bone	NA	NA	Yes	NA	NA	NA	NA	NA	NA	32.05128205	32.05128205	1.347797502	3.4587923800000002
P-0033938-T01-IM6	P-0033938	No	MSK-IMPACT	IMPACT468	Primary	Anal	Vagina	Vagina	Mod	NA	NA	833	Matched	0	Stable	20	Rectal Adenocarcinoma	Rectal Adenocarcinoma	833	READ	57	NO	Anal Fistula	Greater	Mod Diff	NA	Active IBD	Fistula/Abscess/Stricture	NA	No	LNs	NA	NA	NA	Yes	NA	NA	NA	NA	NA	28.43523997	NA	9.59894806	39.77611237
P-0035209-T01-IM6	P-0035209	No	MSK-IMPACT	IMPACT468	Primary	Descending Colon	Colon	Not Applicable	Mod	NA	NA	632	Matched	0	Stable	20	Colorectal Cancer	Colorectal Adenocarcinoma	632	COADREAD	63	YES	L side	Less	Mod Diff	Active enteritis	Active IBD	Screening Colonoscopy	>5_YEARS	NA	NA	NA	NA	NA	NA	NA	NA	NA	NA	NA	NA	NA	NA	10.37637714
P-0035721-T01-IM6	P-0035721	NA	MSK-IMPACT	IMPACT468	Metastasis	Ileum	Liver	Liver	NA	NA	NA	442	Matched	0.35	Stable	30	Cancer of Unknown Primary	Adenocarcinoma, NOS	442	ADNOS	60	NO	Small Intestine	Greater	NA	NA	Active IBD	Bowel Symptoms	1_3_YEARS	No	Liver	Yes	NA	NA	NA	NA	NA	NA	NA	NA	0	NA	NA	5.18818857
P-0035830-T01-IM6	P-0035830	NA	MSKCC	IMPACT468	Primary	Rectosigmoid Colon	NA	Not Applicable	NA	NA	NA	NA	Matched	0	Stable	10	Colorectal Cancer	Colon Adenocarcinoma	372	COAD	72	NO	L side	Greater	Mod Diff	Active enteritis	Active IBD	Screening Colonoscopy	1_3_YEARS	NA	NA	NA	NA	NA	NA	NA	NA	NA	NA	NA	NA	NA	NA	2.594094285
P-0035913-T01-IM6	P-0035913	mucinous	MSK-IMPACT	IMPACT468	Primary	Rectum	Rectum	Not Applicable	Poor	NA	NA	507	Matched	0.52	Stable	50	Colorectal Cancer	Rectal Adenocarcinoma	507	READ	52	NO	L side	Greater	Poorly Diff	Active enteritis	Active IBD	Screening Colonoscopy	1_3_YEARS	NA	NA	NA	NA	NA	NA	NA	NA	NA	NA	NA	NA	NA	NA	6.9175847600000004
P-0036024-T01-IM6	P-0036024	NA	MSKCC	IMPACT468	Primary	Anus	NA	Pelvis	NA	NA	NA	NA	Matched	0	Do not report	10	Cancer of Unknown Primary	Adenocarcinoma, NOS	850	ADNOS	66	NO	NA	Greater	Mod Diff	Active enteritis	Active IBD	Fistula/Abscess/Stricture	1_3_YEARS	Yes	Pelvis	NA	NA	NA	NA	NA	NA	Yes	NA	NA	NA	NA	NA	0
P-0039752-T01-IM6	P-0039752	No	MSK-IMPACT	IMPACT468	Primary	Transverse Colon-Descending	Colon	Not Applicable	Mod-Poor	NA	NA	530	Matched	0.93	Stable	60	Colorectal Cancer	Colon Adenocarcinoma	530	COAD	56	NO	L side	Less	Mod-poorly Diff	Active enteritis	No Prior Symptoms	Bowel Symptoms	NA	NA	NA	NA	NA	NA	NA	NA	NA	NA	NA	NA	NA	NA	NA	17.2939619
P-0040030-T01-IM6	P-0040030	Focal mucinous features	MSK-IMPACT	IMPACT468	Primary	Cecum	Colon	Not Applicable	Mod	NA	NA	741	Matched	0	Stable	20	Colon Adenocarcinoma	Colon Adenocarcinoma	741	COAD	38	YES	R side	Greater	Mod Diff	Active enteritis	Active IBD	Bowel Symptoms	1_YEAR	NA	NA	NA	NA	NA	NA	NA	NA	NA	NA	NA	NA	NA	NA	5.18818857
P-0040338-T01-IM6	P-0040338	NA	MSK-IMPACT	IMPACT468	Primary	Cecum	Colon	Not Applicable	NA	NA	NA	630	Matched	0.07	Stable	10	Colorectal Cancer	Colon Adenocarcinoma	630	COAD	40	NO	R side	Less	Poorly Diff	NA	Active IBD	Metastatic Disease	1_3_YEARS	No	Liver	Yes	NA	NA	NA	NA	NA	NA	NA	NA	0	NA	NA	3.4587923800000002
P-0040342-T01-IM6	P-0040342	NA	MSKCC	IMPACT468	Primary	Rectum	NA	Not Applicable	NA	NA	NA	NA	Matched	0.3	Stable	60	Colorectal Adenocarcinoma	Colorectal Adenocarcinoma	422	COADREAD	53	NO	L side	Greater	Poorly Diff	NA	Procto/Colectomy	Bowel Symptoms	>5_YEARS	No	LNs	NA	NA	NA	Yes	NA	NA	NA	NA	NA	NA	NA	0.657462196	6.052886665
P-0040508-T01-IM6	P-0040508	NA	MSKCC	IMPACT468	Primary	Rectum	NA	Not Applicable	NA	NA	NA	NA	Matched	0.05	Stable	30	Rectal Adenocarcinoma	Rectal Adenocarcinoma	647	READ	49	NO	R side	Greater	Mod Diff	NA	Active IBD	Bowel Symptoms	1_YEAR	No	Liver	Yes	NA	NA	NA	NA	NA	NA	NA	NA	2.728468113	NA	NA	9.511679045
P-0041605-T01-IM6	P-0041605	NA	MSK-IMPACT	IMPACT468	Primary	Descending Colon	Colon	Not Applicable	NA	NA	NA	651	Matched	2.12	Stable	60	Colon Adenocarcinoma	Colon Adenocarcinoma	651	COAD	64	YES	L side	Greater	Mod Diff	Active enteritis	Quiescent	Bowel Symptoms	>5_YEARS	NA	NA	NA	NA	NA	NA	NA	NA	NA	NA	NA	NA	NA	NA	6.9175847600000004
P-0041972-T01-IM6	P-0041972	NA	MSK-IMPACT	IMPACT468	Metastasis	Rectum	Liver	Liver	NA	NA	NA	659	Matched	0	Stable	30	Colon Adenocarcinoma	Colon Adenocarcinoma	659	COAD	68	YES	L side	Greater	NA	NA	Active IBD	Bowel Symptoms	1_YEAR	Yes	Liver	Yes	NA	NA	NA	NA	NA	NA	NA	NA	0	NA	NA	8.64698095
P-0042542-T01-IM6	P-0042542	Mucinous features	MSK-IMPACT	IMPACT468	Metastasis	Splenic Flexure	Peritoneum	Peritoneum	Poor	NA	NA	509	Matched	0	Stable	10	Colon Adenocarcinoma	Colon Adenocarcinoma	509	COAD	54	YES	L side	Greater	Poorly Diff	NA	Active IBD	Screening Colonoscopy	1_YEAR	Yes	Peritoneum	NA	NA	NA	NA	Yes	NA	NA	NA	NA	NA	NA	NA	12.10577333
P-0042861-T01-IM6	P-0042861	NA	Other Institute	IMPACT468	Primary	Sigmoid Colon	NA	Not Applicable	NA	NA	NA	NA	Matched	0.11	Stable	20	Colon Adenocarcinoma	Colon Adenocarcinoma	637	COAD	39	YES	L side	Greater	Poorly Diff	Active enteritis	Active IBD	Screening Colonoscopy	1_YEAR	NA	N/A	NA	NA	NA	NA	NA	NA	NA	NA	NA	NA	NA	NA	7.782282855
P-0043352-T01-IM6	P-0043352	Signet ring cell	MSK-IMPACT	IMPACT468	Primary	Rectum	Rectum	Not Applicable	Poor	NA	NA	852	Matched	0	Stable	10	Rectal Adenocarcinoma	Rectal Adenocarcinoma	852	READ	53	YES	L side	Greater	Poorly Diff	NA	Active IBD	Bowel Symptoms	>5_YEARS	No	LNs	NA	NA	NA	Yes	NA	NA	NA	NA	NA	NA	NA	NA	6.052886665
P-0043364-T02-IM6	P-0043364	NA	MSKCC	IMPACT468	Metastasis	Colon	NA	Liver	NA	NA	NA	NA	Matched	0.17	Stable	40	Colon Adenocarcinoma	Colon Adenocarcinoma	348	COAD	34	YES	R side	Greater	Poorly Diff	Active enteritis	Active IBD	Imaging	1_YEAR	No	Liver	Yes	NA	NA	NA	NA	NA	NA	NA	NA	13.90532544	26.42998028	26.42998028	2.594094285
P-0043870-T01-IM6	P-0043870	NA	MSKCC	IMPACT468	Primary	Rectum	NA	Not Applicable	NA	NA	NA	NA	Matched	0	Stable	20	Rectal Adenocarcinoma	Rectal Adenocarcinoma	678	READ	62	YES	L side	Greater	Mod-poorly Diff	Active enteritis	Active IBD	Screening Colonoscopy	1_3_YEARS	NA	NA	NA	NA	NA	NA	NA	NA	NA	NA	NA	NA	NA	NA	2.594094285
P-0044779-T01-IM6	P-0044779	NA	Other Institute	IMPACT468	Primary	Ascending colon	NA	Not Applicable	NA	NA	NA	NA	Matched	0.17	Stable	30	Colorectal Adenocarcinoma	Colorectal Adenocarcinoma	694	COADREAD	45	YES	L side	Greater	Mod Diff	Active enteritis	Active IBD	Fistula/Abscess/Stricture	NA	NA	NA	NA	NA	NA	NA	NA	NA	NA	NA	NA	NA	NA	NA	4.323490475
P-0045185-T01-IM6	P-0045185	Mucinous features, signet ring features	MSK-IMPACT	IMPACT468	Primary	Ascending Colon	Colon	Not Applicable	Poor	NA	NA	731	Matched	0	Stable	10	Colorectal Cancer	Colon Adenocarcinoma	611	COAD	36	YES	R side	Greater	Poorly Diff	Active enteritis	Active IBD	Screening Colonoscopy	1_3_YEARS	NA	NA	NA	NA	NA	NA	NA	NA	NA	NA	NA	NA	NA	NA	8.64698095
P-0045185-T02-IM6	P-0045185	Mucinous features, signet ring features	MSK-IMPACT	IMPACT468	Primary	Hepatic Flexure	Colon	Not Applicable	Poor	NA	NA	611	Matched	0.17	Stable	20	Colorectal Cancer	Colon Adenocarcinoma In Situ	731	CAIS	36	NO	NA	Greater	Poorly Diff	Active enteritis	Active IBD	Screening Colonoscopy	1_3_YEARS	NA	NA	NA	NA	NA	NA	NA	NA	NA	NA	NA	NA	NA	NA	8.64698095
P-0045185-T03-IM6	P-0045185	Mucinous features, signet ring features	MSK-IMPACT	IMPACT468	Primary	Ascending Colon	Colon	Not Applicable	Poor	NA	NA	642	Matched	0.19	Stable	20	Colorectal Cancer	Mucinous Adenocarcinoma of the Colon and Rectum	642	MACR	36	YES	NA	Greater	Poorly Diff	Active enteritis	Active IBD	Screening Colonoscopy	1_3_YEARS	NA	NA	NA	NA	NA	NA	NA	NA	NA	NA	NA	NA	NA	NA	13.835169520000001
P-0045221-T01-IM6	P-0045221	NA	MSK-IMPACT	IMPACT468	Primary	Rectum	Rectum	Not Applicable	NA	NA	NA	711	Matched	0.32	Stable	50	Rectal Adenocarcinoma	Rectal Adenocarcinoma	711	READ	50	YES	L side	Greater	Mod Diff	Active enteritis	Quiescent	Bowel Symptoms	NA	NA	NA	NA	NA	NA	NA	NA	NA	NA	NA	NA	NA	NA	NA	8.64698095
P-0045240-T01-IM6	P-0045240	No	MSK-IMPACT	IMPACT468	Primary	Cecum	Colon	Not Applicable	Mod	NA	NA	553	Matched	0	Stable	10	Colorectal Cancer	Colon Adenocarcinoma	553	COAD	44	NO	R side	Greater	Mod Diff	Unremarkable	Active IBD	Bowel Symptoms	>5_YEARS	No	Liver	Yes	NA	NA	NA	NA	NA	NA	NA	NA	0	NA	NA	5.18818857
P-0045463-T01-IM6	P-0045463	NA	MSKCC	IMPACT468	Primary	Descending Colon	NA	Not Applicable	NA	NA	NA	NA	Matched	0.05	Stable	30	Colon Adenocarcinoma	Colon Adenocarcinoma	656	COAD	85	NO	L side	Greater	Mod Diff	Unremarkable	Active IBD	Screening Colonoscopy	NA	NA	N/A	NA	NA	NA	NA	NA	NA	NA	NA	NA	NA	NA	NA	11.24107523
P-0046695-T01-IM6	P-0046695	NA	MSKCC	IMPACT468	Primary	Sigmoid Colon	NA	Not Applicable	NA	NA	NA	NA	Matched	0.06	Stable	20	Colorectal Cancer	Colon Adenocarcinoma	513	COAD	56	NO	L side	Greater	Mod Diff	Chronic inactive enteritis	Active IBD	Screening Colonoscopy	1_3_YEARS	Yes	Peritoneum, Ovaries	NA	NA	NA	NA	Yes	Yes	NA	NA	NA	NA	NA	17.91584484	2.594094285
P-0047212-T01-IM6	P-0047212	NA	NA	IMPACT468	Primary	Rectum	NA	Not Applicable	NA	NA	NA	NA	Matched	0.29	Stable	20	Colorectal Cancer	Rectal Adenocarcinoma	738	READ	46	NO	L side	Greater	Mod Diff	NA	Active IBD	Bowel Symptoms	>5_YEARS	No	Lymph Nodes	NA	NA	NA	Yes	NA	NA	NA	NA	NA	NA	13.54372124	5.358316897	7.782282855
P-0047449-T01-IM6	P-0047449	NA	MOUNT SINAI MEDICAL CENTER,DEPARTMENT OF PATHOLOGY- BOX 1194,ONE GUSTAVE L. LEVY PLACE,NEW YORK NY 10029,212-241-2675	IMPACT468	Primary	Sigmoid Colon	NA	Not Applicable	NA	NA	NA	NA	Matched	0.6	Stable	30	Colorectal Cancer	Colon Adenocarcinoma	703	COAD	36	YES	L side	Greater	Poorly Diff	Active enteritis	Active IBD	Bowel Symptoms	1_3_YEARS	No	Peritoneum	NA	NA	NA	NA	Yes	NA	NA	NA	NA	NA	NA	NA	3.4587923800000002
P-0047764-T01-IM6	P-0047764	NA	MSKCC	IMPACT468	Primary	Rectum	NA	Not Applicable	NA	NA	NA	NA	Matched	0.34	Stable	40	Colorectal Cancer	Rectal Adenocarcinoma	832	READ	82	YES	L side	Greater	Mod-poorly Diff	Active enteritis	Active IBD	Bowel Symptoms	1_3_YEARS	NA	NA	NA	NA	NA	NA	NA	NA	NA	NA	NA	NA	NA	NA	6.052886665
P-0048828-T01-IM6	P-0048828	NA	Other Institute	IMPACT468	Primary	Ascending Colon	NA	Not Applicable	NA	NA	NA	NA	Matched	0.07	Stable	10	Colon Adenocarcinoma	Colon Adenocarcinoma	571	COAD	32	YES	R side	Greater	NA	NA	Active IBD	Bowel Symptoms	1_YEAR	No	Peritoneum	NA	NA	NA	NA	Yes	NA	NA	NA	NA	NA	NA	NA	2.594094285
P-0048971-T01-IM6	P-0048971	NA	NA	IMPACT468	Primary	Descending Colon	NA	Not Applicable	NA	NA	NA	NA	Matched	0.22	Stable	20	Colon Adenocarcinoma	Colon Adenocarcinoma	745	COAD	24	NO	R side	Less	Poorly Diff	NA	Active IBD	Fistula/Abscess/Stricture	1_YEAR	No	Liver	Yes	NA	NA	NA	NA	NA	NA	NA	NA	0	NA	NA	6.9175847600000004
P-0052843-T01-IM6	P-0052843	NA	MSKCC	IMPACT468	Primary	Colon	NA	Not Applicable	NA	NA	NA	NA	Matched	0.94	Stable	20	Rectal Adenocarcinoma	Rectal Adenocarcinoma	566	READ	66	YES	L side	Greater	Mod-poorly Diff	Active enteritis	Active IBD	Screening Colonoscopy	3_5_YEARS	NA	N/A	NA	NA	NA	NA	NA	NA	NA	NA	NA	NA	NA	NA	11.24107523
P-0056085-T01-IM6	P-0056085	NA	MSKCC	IMPACT468	Primary	Colon	NA	Not Applicable	NA	NA	NA	NA	Matched	0	Stable	40	Colon Adenocarcinoma	Colon Adenocarcinoma	658	COAD	38	NO	L side	Less	Mod Diff	Active enteritis	Active IBD	Bowel Symptoms	1_3_YEARS	Yes	Liver	NA	NA	NA	NA	NA	NA	NA	NA	NA	NA	NA	NA	0.86469809500000006
P-0057843-T01-IM6	P-0057843	NA	MSKCC	IMPACT468	Primary	Bowel	NA	Not Applicable	NA	NA	NA	NA	Matched	0	Stable	5	Small Bowel Cancer	Small Bowel Cancer	606	SBC	50	NO	NA	Less	NA	Active enteritis	Active IBD	Bowel Symptoms	NA	NA	N/A	NA	NA	NA	NA	NA	NA	NA	NA	NA	NA	NA	NA	3.4587923800000002
P-0057984-T01-IM6	P-0057984	NA	MSKCC	IMPACT468	Primary	Colon	NA	Not Applicable	NA	NA	NA	NA	Matched	0.12	Stable	30	Colon Adenocarcinoma	Colon Adenocarcinoma	563	COAD	64	NO	R side	Greater	Mod-poorly Diff	Active enteritis	Active IBD	Bowel Symptoms	1_3_YEARS	No	Liver, Regional Nodal, Peritoneum	Yes	NA	NA	Yes	Yes	NA	NA	NA	NA	0.460223537	NA	NA	8.64698095
P-0059142-T01-IM7	P-0059142	NA	MSKCC	IMPACT505	Primary	Colon	NA	Not Applicable	NA	NA	NA	NA	Matched	0.09	Stable	40	Colon Adenocarcinoma	Colon Adenocarcinoma	400	COAD	70	YES	L side	Greater	NA	Active enteritis	Active IBD	Screening Colonoscopy	NA	NA	N/A	NA	NA	NA	NA	NA	NA	NA	NA	NA	NA	NA	NA	2.46104171
P-0059968-T01-IM7	P-0059968	NA	MSKCC	IMPACT505	Primary	Colon	NA	Soft Tissue	NA	NA	NA	NA	Matched	0.02	Stable	10	Colorectal Adenocarcinoma	Colorectal Adenocarcinoma	440	COADREAD	36	NO	L side	Greater	Poorly Diff	Active enteritis	Active IBD	Bowel Symptoms	1_YEAR	No	Omentum, Pelvic Nodule	NA	NA	NA	NA	Yes	NA	Yes	NA	NA	11.34122288	NA	NA	1.640694473
P-0060610-T01-IM7	P-0060610	NA	MSKCC	IMPACT505	Primary	Colon	NA	Not Applicable	NA	NA	NA	NA	Matched	0.5	Stable	60	Rectal Adenocarcinoma	Rectal Adenocarcinoma	604	READ	47	NO	L side	Greater	Mod-poorly Diff	NA	Active IBD	Screening Colonoscopy	1_3_YEARS	Yes	Peritoneum	NA	NA	NA	NA	Yes	NA	NA	NA	NA	NA	NA	NA	2.46104171
P-0060677-T01-IM7	P-0060677	NA	MSKCC	IMPACT505	Primary	Colon	NA	Not Applicable	NA	NA	NA	NA	Matched	0.6	Stable	70	Colon Adenocarcinoma	Colon Adenocarcinoma	462	COAD	67	YES	R side	Greater	Poorly Diff	Active enteritis	Quiescent	Screening Colonoscopy	>5_YEARS	NA	Lymph Nodes	NA	NA	NA	Yes	NA	NA	NA	NA	NA	NA	NA	NA	4.101736183
P-0060922-T01-IM7	P-0060922	NA	MSKCC	IMPACT505	Primary	Colon	NA	Not Applicable	NA	NA	NA	NA	Matched	0.06	Stable	40	Colorectal Adenocarcinoma	Colorectal Adenocarcinoma	547	COADREAD	68	YES	L side	Less	Mod Diff	NA	Active IBD	Bowel Symptoms	NA	NA	NA	NA	NA	NA	NA	NA	NA	NA	NA	NA	NA	NA	NA	6.562777893
P-0061615-T01-IM7	P-0061615	NA	MSKCC	IMPACT505	Primary	Rectum	NA	Not Applicable	NA	NA	NA	NA	Matched	1.98	Stable	40	Rectal Adenocarcinoma	Rectal Adenocarcinoma	484	READ	62	YES	L side	Greater	Mod-poorly Diff	NA	Active IBD	Bowel Symptoms	1_3_YEARS	NA	N/A	NA	NA	NA	NA	NA	NA	NA	NA	NA	NA	NA	NA	8.203472366
P-0062240-T01-IM7	P-0062240	NA	MSKCC	IMPACT505	Primary	Colon	NA	Not Applicable	NA	NA	NA	NA	Matched	0.02	Stable	40	Colon Adenocarcinoma	Colon Adenocarcinoma	526	COAD	62	YES	L side	Greater	Poorly Diff	Active enteritis	Active IBD	Bowel Symptoms	NA	No	Peritoneum	NA	NA	NA	NA	Yes	NA	NA	NA	NA	NA	NA	NA	4.101736183
P-0062331-T01-IM7	P-0062331	NA	MSKCC	IMPACT505	Primary	Colon	NA	Not Applicable	NA	NA	NA	NA	Matched	0.07	Stable	40	Colorectal Adenocarcinoma	Colorectal Adenocarcinoma	383	COADREAD	46	NO	L side	Greater	Mod Diff	NA	Active IBD	Bowel Symptoms	1_YEAR	NA	N/A	NA	NA	NA	NA	NA	NA	NA	NA	NA	NA	NA	NA	3.281388946
P-0063271-T01-IM7	P-0063271	NA	Mount Sinai St. Lukes	IMPACT505	Primary	Bowel	NA	Not Applicable	NA	NA	NA	NA	Matched	0.44	Stable	30	Small Bowel Cancer	Small Bowel Cancer	669	SBC	60	NO	NA	Greater	Poorly Diff	Active enteritis	Active IBD	Fistula/Abscess/Stricture	NA	NA	NA	NA	NA	NA	NA	NA	NA	NA	NA	NA	NA	NA	NA	4.101736183
P-0063437-T02-IM7	P-0063437	NA	MSKCC	IMPACT505	Primary	Rectum	NA	Not Applicable	NA	NA	NA	NA	Matched	6.32	Indeterminate	50	Rectal Adenocarcinoma	Rectal Adenocarcinoma	290	READ	71	NO	L side	Less	Poorly Diff	Chronic inactive enteritis	No Prior Symptoms	Bowel Symptoms	NA	NA	N/A	NA	NA	NA	NA	NA	NA	NA	NA	NA	NA	NA	NA	5.742430656
P-0063725-T02-IM7	P-0063725	NA	MSKCC	IMPACT505	Primary	Colon	NA	Not Applicable	NA	NA	NA	NA	Matched	0.2	Stable	20	Colorectal Adenocarcinoma	Colorectal Adenocarcinoma	740	COADREAD	38	NO	R side	Greater	Mod Diff	Unremarkable	Active IBD	Bowel Symptoms	3_5_YEARS	Yes	Liver	Yes	NA	NA	NA	NA	NA	NA	NA	NA	0.591715976	NA	NA	2.46104171
P-0064224-T01-IM7	P-0064224	NA	MSKCC	IMPACT505	Primary	Rectum	NA	Not Applicable	NA	NA	NA	NA	Matched	2.7	Stable	50	Rectal Adenocarcinoma	Rectal Adenocarcinoma	304	READ	60	YES	L side	Greater	Mod Diff	Active enteritis	Active IBD	Bowel Symptoms	NA	Yes	Liver	Yes	NA	NA	NA	NA	NA	NA	NA	NA	0	NA	NA	8.203472366
P-0064385-T01-IM7	P-0064385	NA	MSKCC	IMPACT505	Primary	Rectum	NA	Not Applicable	NA	NA	NA	NA	Matched	2.88	Stable	30	Rectal Adenocarcinoma	Rectal Adenocarcinoma	469	READ	59	NO	L side	Greater	Mod Diff	NA	Active IBD	Bowel Symptoms	1_3_YEARS	NA	N/A	NA	NA	NA	NA	NA	NA	NA	NA	NA	NA	NA	NA	5.742430656
P-0064396-T01-IM7	P-0064396	NA	MSKCC	IMPACT505	Primary	Rectum	NA	Not Applicable	NA	NA	NA	NA	Matched	2.05	Stable	20	Rectal Adenocarcinoma	Rectal Adenocarcinoma	481	READ	73	YES	L side	Greater	Mod-poorly Diff	Unremarkable	Quiescent	Bowel Symptoms	NA	Yes	Liver	Yes	NA	NA	NA	NA	NA	NA	NA	NA	0.03287311	NA	NA	7.383125129
P-0064549-T01-IM7	P-0064549	NA	MSKCC	IMPACT505	Primary	Colon	NA	Not Applicable	NA	NA	NA	NA	Matched	1.07	Stable	30	Colon Adenocarcinoma	Colon Adenocarcinoma	538	COAD	70	YES	L side	Greater	Mod Diff	Chronic inactive enteritis	Active IBD	Screening Colonoscopy	1_YEAR	NA	NA	NA	NA	NA	NA	NA	NA	NA	NA	NA	NA	NA	NA	1.640694473
P-0065130-T01-IM7	P-0065130	NA	MSKCC	IMPACT505	Primary	Colon	NA	Not Applicable	NA	NA	NA	NA	Matched	0.03	Stable	5	Colon Adenocarcinoma	Colon Adenocarcinoma	569	COAD	72	NO	L side	Greater	Mod Diff	NA	Active IBD	Bowel Symptoms	NA	NA	NA	NA	NA	NA	NA	NA	NA	NA	NA	NA	NA	NA	NA	4.101736183
P-0065645-T01-IM7	P-0065645	NA	MSKCC	IMPACT505	Primary	Colon	NA	Not Applicable	NA	NA	NA	NA	Matched	0.76	Stable	30	Colon Adenocarcinoma	Colon Adenocarcinoma	504	COAD	73	NO	NA	Greater	Mod Diff	NA	Quiescent	Bowel Symptoms	1_YEAR	No	NA	NA	NA	NA	NA	NA	NA	NA	NA	NA	NA	NA	NA	5.742430656
P-0067712-T01-IM7	P-0067712	NA	MSKCC	IMPACT505	Primary	Colon	NA	Not Applicable	NA	NA	NA	NA	Matched	0.6	Stable	20	Colon Adenocarcinoma	Colon Adenocarcinoma	289	COAD	43	YES	L side	Greater	Mod Diff	Active enteritis	Active IBD	Bowel Symptoms	>5_YEARS	NA	NA	NA	NA	NA	NA	NA	NA	NA	NA	NA	NA	NA	NA	2.46104171
P-0068036-T01-IM7	P-0068036	NA	Mount Sinai St. Lukes	IMPACT505	Primary	Colon	NA	Not Applicable	NA	NA	NA	NA	Matched	0.21	Stable	20	Colorectal Adenocarcinoma	Colorectal Adenocarcinoma	657	COADREAD	27	YES	R side	Less	Mod Diff	Active enteritis	No Prior Symptoms	Bowel Symptoms	>5_YEARS	NA	NA	NA	NA	NA	NA	NA	NA	NA	NA	NA	NA	NA	NA	22.14937539
P-CLIN001	P-CLIN001	NA	NA	NA	NA	NA	NA	NA	NA	NA	NA	NA	NA	NA	NA	NA	Colorectal Adenocarcinoma	Colorectal Adenocarcinoma	NA	COADREAD	NA	NA	NA	Greater	NA	Chronic inactive enteritis	Active IBD	Bowel Symptoms	1_3_YEARS	NA	Pelvis	NA	NA	NA	NA	NA	NA	Yes	NA	NA	NA	NA	NA	0
P-CLIN002	P-CLIN002	NA	NA	NA	NA	NA	NA	NA	NA	NA	NA	NA	NA	NA	NA	NA	Colorectal Cancer	Colon Adenocarcinoma	NA	COAD	NA	NA	NA	Greater	NA	Active enteritis	Active IBD	Screening Colonoscopy	NA	NA	Liver, Peritoneum	Yes	NA	NA	NA	Yes	NA	NA	NA	NA	0	35.8974359	NA	0
P-CLIN003	P-CLIN003	NA	NA	NA	NA	NA	NA	NA	NA	NA	NA	NA	NA	NA	NA	NA	Colorectal Cancer	Colon Adenocarcinoma	NA	COAD	NA	NA	NA	Greater	NA	Active enteritis	NA	Fistula/Abscess/Stricture	>5_YEARS	NA	NA	NA	NA	NA	NA	NA	NA	NA	NA	NA	NA	NA	NA	0
P-CLIN004	P-CLIN004	NA	NA	NA	NA	NA	NA	NA	NA	NA	NA	NA	NA	NA	NA	NA	Colorectal Cancer	Colon Adenocarcinoma	NA	COAD	NA	NA	NA	Greater	NA	Active enteritis	Active IBD	Bowel Symptoms	>5_YEARS	NA	Liver, Peritoneum, LNs	Yes	NA	NA	Yes	Yes	NA	NA	NA	NA	0.131492439	NA	NA	0
P-CLIN005	P-CLIN005	NA	NA	NA	NA	NA	NA	NA	NA	NA	NA	NA	NA	NA	NA	NA	Colorectal Adenocarcinoma	Colorectal Adenocarcinoma	NA	COADREAD	NA	NA	NA	Greater	NA	NA	Active IBD	Bowel Symptoms	1_YEAR	NA	NA	NA	NA	NA	NA	NA	NA	NA	NA	NA	NA	NA	NA	0
P-CLIN006	P-CLIN006	NA	NA	NA	NA	NA	NA	NA	NA	NA	NA	NA	NA	NA	NA	NA	Colorectal Cancer	Colon Adenocarcinoma	NA	COAD	NA	NA	NA	Less	NA	Active enteritis	Active IBD	Bowel Symptoms	>5_YEARS	NA	NA	NA	NA	NA	NA	NA	NA	NA	NA	NA	NA	NA	NA	0
P-CLIN007	P-CLIN007	NA	NA	NA	NA	NA	NA	NA	NA	NA	NA	NA	NA	NA	NA	NA	Colorectal Cancer	Colon Adenocarcinoma	NA	COAD	NA	NA	NA	Greater	NA	Active enteritis	Quiescent	Bowel Symptoms	NA	NA	NA	NA	NA	NA	NA	NA	NA	NA	NA	NA	NA	NA	NA	0
P-CLIN008	P-CLIN008	NA	NA	NA	NA	NA	NA	NA	NA	NA	NA	NA	NA	NA	NA	NA	Colorectal Cancer	Colon Adenocarcinoma	NA	COAD	NA	NA	NA	Greater	NA	Active enteritis	Active IBD	Screening Colonoscopy	>5_YEARS	NA	NA	NA	NA	NA	NA	NA	NA	NA	NA	NA	NA	NA	NA	0
P-CLIN009	P-CLIN009	NA	NA	NA	NA	NA	NA	NA	NA	NA	NA	NA	NA	NA	NA	NA	Colorectal Cancer	Colon Adenocarcinoma	NA	COAD	NA	NA	NA	Greater	NA	Active enteritis	Active IBD	Bowel Symptoms	3_5_YEARS	NA	NA	NA	NA	NA	NA	NA	NA	NA	NA	NA	NA	NA	NA	0
P-CLIN010	P-CLIN010	NA	NA	NA	NA	NA	NA	NA	NA	NA	NA	NA	NA	NA	NA	NA	Colorectal Adenocarcinoma	Colorectal Adenocarcinoma	NA	COADREAD	NA	NA	NA	Greater	NA	Active enteritis	Active IBD	Bowel Symptoms	NA	NA	NA	NA	NA	NA	NA	NA	NA	NA	NA	NA	NA	NA	NA	0
P-CLIN011	P-CLIN011	NA	NA	NA	NA	NA	NA	NA	NA	NA	NA	NA	NA	NA	NA	NA	Colorectal Adenocarcinoma	Colorectal Adenocarcinoma	NA	COADREAD	NA	NA	NA	Greater	NA	Active enteritis	Active IBD	Bowel Symptoms	1_YEAR	NA	NA	NA	NA	NA	NA	NA	NA	NA	NA	NA	NA	NA	NA	0
P-CLIN012	P-CLIN012	NA	NA	NA	NA	NA	NA	NA	NA	NA	NA	NA	NA	NA	NA	NA	Colorectal Adenocarcinoma	Colorectal Adenocarcinoma	NA	COADREAD	NA	NA	NA	Greater	NA	Active enteritis	Active IBD	Bowel Symptoms	NA	NA	NA	NA	NA	NA	NA	NA	NA	NA	NA	NA	NA	NA	NA	0
P-CLIN013	P-CLIN013	NA	NA	NA	NA	NA	NA	NA	NA	NA	NA	NA	NA	NA	NA	NA	Colorectal Cancer	Colon Adenocarcinoma	NA	COAD	NA	NA	NA	Less	NA	Active enteritis	Active IBD	Screening Colonoscopy	>5_YEARS	NA	NA	NA	NA	NA	NA	NA	NA	NA	NA	NA	NA	NA	NA	0
P-CLIN014	P-CLIN014	NA	NA	NA	NA	NA	NA	NA	NA	NA	NA	NA	NA	NA	NA	NA	Colorectal Cancer	Colon Adenocarcinoma	NA	COAD	NA	NA	NA	Greater	NA	NA	Active IBD	Bowel Symptoms	1_3_YEARS	NA	NA	NA	NA	NA	NA	NA	NA	NA	NA	NA	NA	NA	NA	0
s_DK_cac_001_P	p_DK_cac_001	NA	CMO	IMPACT468	Primary	Distal Ileum	Small Bowel	NA	NA	FFPE	NA	NA	NA	NA	NA	NA	Small Bowel Cancer	Small Bowel Cancer	NA	SBC	NA	NA	Small Intestine	Greater	NA	NA	NA	NA	NA	NA	NA	NA	NA	NA	NA	NA	NA	NA	NA	NA	NA	NA	NA	3.91487879
s_DK_cac_002_P	p_DK_cac_002	NA	CMO	IMPACT468	Primary	Jejunum	Small Bowel	NA	NA	FFPE	NA	NA	NA	NA	NA	NA	Small Bowel Cancer	Small Bowel Cancer	NA	SBC	NA	NA	Small Intestine	Greater	NA	NA	NA	NA	NA	NA	NA	NA	NA	NA	NA	NA	NA	NA	NA	NA	NA	NA	NA	2.936159093
s_DK_cac_003_P	p_DK_cac_003	NA	CMO	IMPACT468	Primary	Rectum	Rectum	NA	NA	FFPE	NA	NA	NA	NA	NA	NA	Rectal Adenocarcinoma	Rectal Adenocarcinoma	NA	READ	NA	NA	L side	Greater	NA	NA	NA	NA	NA	NA	NA	NA	NA	NA	NA	NA	NA	NA	NA	NA	NA	NA	NA	10.76591667
s_DK_cac_005_P	p_DK_cac_005	NA	CMO	IMPACT468	Primary	Rectosigmoid	Colon	NA	NA	FFPE	NA	NA	NA	NA	NA	NA	Colorectal Cancer	Colon Adenocarcinoma	NA	COAD	NA	NA	L side	Greater	NA	NA	NA	NA	NA	NA	NA	NA	NA	NA	NA	NA	NA	NA	NA	NA	NA	NA	NA	5.872318186
s_DK_cac_009_P	p_DK_cac_009	NA	CMO	IMPACT468	Primary	Transverse Colon; Rectum	Colon	NA	NA	FFPE	NA	NA	NA	NA	NA	NA	Colorectal Cancer	Colon Adenocarcinoma	NA	COAD	NA	NA	L side	Greater	NA	NA	NA	NA	NA	NA	NA	NA	NA	NA	NA	NA	NA	NA	NA	NA	NA	NA	NA	4.893598488
s_DK_cac_010_P	p_DK_cac_010	NA	CMO	IMPACT468	Primary	Cecum	Colon	NA	NA	FFPE	NA	NA	NA	NA	NA	NA	Colon Adenocarcinoma	Colon Adenocarcinoma	NA	COAD	NA	NA	R side	Greater	NA	NA	NA	NA	NA	NA	NA	NA	NA	NA	NA	NA	NA	NA	NA	NA	NA	NA	NA	3.91487879
s_DK_cac_011_P	p_DK_cac_011	NA	CMO	IMPACT468	Primary	Splenic Flexure	Colon	NA	NA	FFPE	NA	NA	NA	NA	NA	NA	Colon Adenocarcinoma	Colon Adenocarcinoma	NA	COAD	NA	NA	L side	Greater	NA	NA	NA	NA	NA	NA	NA	NA	NA	NA	NA	NA	NA	NA	NA	NA	NA	NA	NA	4.893598488
s_DK_cac_012_P1	p_DK_cac_012	NA	CMO	IMPACT468	Primary	Rectum	Rectum	NA	NA	Frozen	NA	NA	NA	NA	NA	NA	Rectal Adenocarcinoma	Rectal Adenocarcinoma	NA	READ	NA	NA	L side	Greater	NA	NA	NA	NA	NA	NA	NA	NA	NA	NA	NA	NA	NA	NA	NA	NA	NA	NA	NA	19.02335809
s_DK_cac_013_P	p_DK_cac_013	NA	CMO	IMPACT468	Primary	Ascending Colon	Colon	NA	NA	Frozen	NA	NA	NA	NA	NA	NA	Colon Adenocarcinoma	Colon Adenocarcinoma	NA	COAD	NA	NA	R side	Greater	NA	NA	NA	NA	NA	NA	NA	NA	NA	NA	NA	NA	NA	NA	NA	NA	NA	NA	NA	20.75275428
s_DK_cac_014_P	p_DK_cac_014	NA	CMO	IMPACT468	Primary	Ascending Colon	Colon	NA	NA	Frozen	NA	NA	NA	NA	NA	NA	Colon Adenocarcinoma	Colon Adenocarcinoma	NA	COAD	NA	NA	R side	Greater	NA	NA	NA	NA	NA	NA	NA	NA	NA	NA	NA	NA	NA	NA	NA	NA	NA	NA	NA	12.10577333
s_DK_cac_015_P	p_DK_cac_015	NA	CMO	IMPACT468	Primary	Ascending Colon	Colon	NA	NA	Frozen	NA	NA	NA	NA	NA	NA	Colon Adenocarcinoma	Colon Adenocarcinoma	NA	COAD	NA	NA	R side	Less	NA	NA	NA	NA	NA	NA	NA	NA	NA	NA	NA	NA	NA	NA	NA	NA	NA	NA	NA	8.64698095
s_DK_cac_016_P	p_DK_cac_016	NA	CMO	IMPACT468	Primary	Ascending Colon	Colon	NA	NA	Frozen	NA	NA	NA	NA	NA	NA	Colon Adenocarcinoma	Colon Adenocarcinoma	NA	COAD	NA	NA	R side	Greater	NA	NA	NA	NA	NA	NA	NA	NA	NA	NA	NA	NA	NA	NA	NA	NA	NA	NA	NA	28.53503713
s_DK_cac_017_P	p_DK_cac_017	NA	CMO	IMPACT468	Primary	Ascending Colon	Colon	NA	NA	Frozen	NA	NA	NA	NA	NA	NA	Colon Adenocarcinoma	Colon Adenocarcinoma	NA	COAD	NA	NA	R side	Less	NA	NA	NA	NA	NA	NA	NA	NA	NA	NA	NA	NA	NA	NA	NA	NA	NA	NA	NA	18.15865999
s_DK_cac_018_P	p_DK_cac_018	NA	CMO	IMPACT468	Primary	Sigmoid	Colon	NA	NA	Frozen	NA	NA	NA	NA	NA	NA	Colon Adenocarcinoma	Colon Adenocarcinoma	NA	COAD	NA	NA	L side	Less	NA	NA	NA	NA	NA	NA	NA	NA	NA	NA	NA	NA	NA	NA	NA	NA	NA	NA	NA	15.56456571
s_DK_cac_019_P	p_DK_cac_019	NA	CMO	IMPACT468	Primary	Rectum	Rectum	NA	NA	Frozen	NA	NA	NA	NA	NA	NA	Rectal Adenocarcinoma	Rectal Adenocarcinoma	NA	READ	NA	NA	L side	Greater	NA	NA	NA	NA	NA	NA	NA	NA	NA	NA	NA	NA	NA	NA	NA	NA	NA	NA	NA	21.61745237
s_DK_cac_020_P	p_DK_cac_020	NA	CMO	IMPACT468	Primary	Rectum	Rectum	NA	NA	Frozen	NA	NA	NA	NA	NA	NA	Rectal Adenocarcinoma	Rectal Adenocarcinoma	NA	READ	NA	NA	L side	Greater	NA	NA	NA	NA	NA	NA	NA	NA	NA	NA	NA	NA	NA	NA	NA	NA	NA	NA	NA	13.835169520000001
s_DK_cac_021_P	p_DK_cac_021	NA	CMO	IMPACT468	Primary	Rectum	Rectum	NA	NA	Frozen	NA	NA	NA	NA	NA	NA	Rectal Adenocarcinoma	Rectal Adenocarcinoma	NA	READ	NA	NA	L side	Greater	NA	NA	NA	NA	NA	NA	NA	NA	NA	NA	NA	NA	NA	NA	NA	NA	NA	NA	NA	16.4292638
TRF011722	TRF011722	Mucinous Features	Foundation	FoundationOne	Primary	Ileum	Small Bowel	NA	Mod	NA	0.34%	938	Unmatched	NA	NA	NA	Small Bowel Cancer	Small Bowel Cancer	NA	SBC	NA	NA	R side	Greater	Mod Diff	Active enteritis	Quiescent	Bowel Symptoms	1_YEAR	No	Liver, LNs	Yes	NA	NA	Yes	NA	NA	NA	NA	NA	0	2.333990796	4.043392505	13.86789444
TRF049661	TRF049661	Mucinous Features	Foundation	FoundationOne	Metastasis	Rectum	Liver	Liver	Mod-Poor	NA	0.23%	680	Unmatched	NA	NA	NA	Rectal Adenocarcinoma	Rectal Adenocarcinoma	NA	READ	NA	NA	L side	Greater	Mod-poorly Diff	NA	Active IBD	Bowel Symptoms	NA	No	Liver, LNs	Yes	NA	NA	Yes	NA	NA	NA	NA	NA	0	NA	5.851413544	10.40092083
TRF060123	TRF060123	Diffuse (Linitus-Plasticus)	Foundation	FoundationOne	Primary	Rectosigmoid	Colon	NA	Mod-Poor	NA	0.38%	467	Unmatched	NA	NA	NA	Colorectal Cancer	Colon Adenocarcinoma	NA	COAD	NA	NA	L side	Greater	Mod-poorly Diff	Active enteritis	Active IBD	Bowel Symptoms	1_3_YEARS	Yes	Pelvis	NA	NA	NA	NA	NA	NA	Yes	NA	NA	NA	24.45759369	24.45759369	15.02355231
TRF060124	TRF060124	Signet Ring, Mucinous Features	Foundation	FoundationOne	Primary	Rectosigmoid	Colon	NA	Poor	NA	0.30%	458	Unmatched	NA	NA	NA	Colorectal Cancer	Colon Adenocarcinoma	NA	COAD	NA	NA	L side	Greater	Poorly Diff	Active enteritis	Active IBD	Screening Colonoscopy	NA	No	Peritoneum	NA	NA	NA	NA	Yes	NA	NA	NA	NA	NA	18.67192636	NA	15.02355231
TRF060125	TRF060125	One Focus Nec	Foundation	FoundationOne	Primary	Cecum, Asc Colon, T Colon	Colon	NA	Mod	NA	0.33%	414	Unmatched	NA	NA	NA	Colorectal Cancer	Colon Adenocarcinoma	NA	COAD	NA	NA	R side	Greater	Mod Diff	Active enteritis	Active IBD	Bowel Symptoms	1_YEAR	NA	NA	NA	NA	NA	NA	NA	NA	NA	NA	NA	NA	NA	NA	10.40092083
TRF060126	TRF060126	Focal Signet Ring	Foundation	FoundationOne	Primary	Rectosigmoid	Colon	NA	Mod-Poor	NA	0.32%	389	Unmatched	NA	NA	NA	Colorectal Cancer	Colon Adenocarcinoma	NA	COAD	NA	NA	L side	Greater	Mod Diff	Chronic inactive enteritis	Active IBD	Bowel Symptoms	>5_YEARS	NA	NA	NA	NA	NA	NA	NA	NA	NA	NA	NA	NA	NA	NA	20.80184166
TRF060127	TRF060127	Mucinous	Foundation	FoundationOne	Primary	Descending Colon	Colon	NA	Mod	NA	0.31%	499	Unmatched	NA	NA	NA	Colorectal Cancer	Colon Adenocarcinoma	NA	COAD	NA	NA	L side	Greater	Mod Diff	Chronic inactive enteritis	Active IBD	Screening Colonoscopy	NA	NA	NA	NA	NA	NA	NA	NA	NA	NA	NA	NA	NA	NA	NA	25.42447314
TRF060128	TRF060128	Mucinous	Foundation	FoundationOne	Primary	Rectum	Rectum	NA	Poor	NA	0.28%	426	Unmatched	NA	NA	NA	Rectal Adenocarcinoma	Rectal Adenocarcinoma	NA	READ	NA	NA	L side	Greater	Poorly Diff	Active enteritis	Quiescent	Screening Colonoscopy	1_3_YEARS	NA	NA	NA	NA	NA	NA	NA	NA	NA	NA	NA	NA	NA	NA	9.245262958
TRF060129	TRF060129	No	Foundation	FoundationOne	Primary	Rectosigmoid	Colon	NA	Mod	NA	0.30%	500	Unmatched	NA	NA	NA	Colorectal Cancer	Colon Adenocarcinoma	NA	COAD	NA	NA	L side	Greater	Mod Diff	Active enteritis	Quiescent	Bowel Symptoms	>5_YEARS	NA	NA	NA	NA	NA	NA	NA	NA	NA	NA	NA	NA	NA	NA	15.02355231
TRF060130	TRF060130	Mucinous	Foundation	FoundationOne	Primary	Cecum	Colon	NA	Mod	NA	0.25%	518	Unmatched	NA	NA	NA	Colorectal Cancer	Colon Adenocarcinoma	NA	COAD	NA	NA	R side	Less	Mod Diff	Active enteritis	Active IBD	Bowel Symptoms	>5_YEARS	NA	NA	NA	NA	NA	NA	NA	NA	NA	NA	NA	NA	NA	NA	25.42447314
TRF060131	TRF060131	No	Foundation	FoundationOne	Primary	Cecum	Colon	NA	Poor	NA	0.28%	430	Unmatched	NA	NA	NA	Colorectal Cancer	Colon Adenocarcinoma	NA	COAD	NA	NA	R side	Less	Poorly Diff	Chronic inactive enteritis	Active IBD	Bowel Symptoms	1_YEAR	No	LNs	NA	NA	NA	Yes	NA	NA	NA	NA	NA	NA	NA	NA	15.02355231
TRF060132	TRF060132	Mucinous	Foundation	FoundationOne	Primary	Hepatic Flexure	Colon	NA	Poor	NA	0.27%	549	Unmatched	NA	NA	NA	Colorectal Cancer	Colon Adenocarcinoma	NA	COAD	NA	NA	R side	Less	Poorly Diff	Active enteritis	Active IBD	Bowel Symptoms	NA	NA	NA	NA	NA	NA	NA	NA	NA	NA	NA	NA	NA	NA	NA	20.80184166
TRF060133	TRF060133	No	Foundation	FoundationOne	Primary	Hepatic Flexure	Colon	NA	Mod	NA	0.25%	446	Unmatched	NA	NA	NA	Colon Adenocarcinoma	Colon Adenocarcinoma	NA	COAD	NA	NA	R side	Greater	Mod Diff	Active enteritis	Active IBD	Bowel Symptoms	NA	NA	NA	NA	NA	NA	NA	NA	NA	NA	NA	NA	NA	NA	NA	21.95749953
TRF060134	TRF060134	Signet Ring	Foundation	FoundationOne	Primary	Ileum	Small Bowel	NA	Poor	NA	0.23%	531	Unmatched	NA	NA	NA	Small Bowel Cancer	Small Bowel Cancer	NA	SBC	NA	NA	R side	Less	Poorly Diff	Chronic inactive enteritis	No Prior Symptoms	Bowel Symptoms	3_5_YEARS	No	Peritoneum	NA	NA	NA	NA	Yes	NA	NA	NA	NA	NA	13.773833	NA	21.95749953
TRF094955	TRF094955	No	Foundation	FoundationOne	Primary	Rectosigmoid	Colon	NA	Mod-Poor	NA	0.28%	394	Unmatched	NA	NA	NA	Colorectal Cancer	Colon Adenocarcinoma	NA	COAD	NA	NA	L side	Greater	Mod-poorly Diff	Chronic inactive enteritis	Active IBD	Screening Colonoscopy	NA	NA	NA	NA	NA	NA	NA	NA	NA	NA	NA	NA	NA	NA	NA	11.5565787
TRF094956	TRF094956	No	Foundation	FoundationOne	Primary	Sigmoid	Colon	NA	Mod	NA	0.29%	234	Unmatched	NA	NA	NA	Colorectal Cancer	Colon Adenocarcinoma	NA	COAD	NA	NA	L side	Greater	Mod Diff	Active enteritis	Active IBD	Bowel Symptoms	NA	NA	NA	NA	NA	NA	NA	NA	NA	NA	NA	NA	NA	NA	NA	19.64618379
TRF094957	TRF094957	Mucinous Features	Foundation	FoundationOne	Primary	Asc Colon + Cecum	Colon	NA	Mod	NA	0.25%	491	Unmatched	NA	NA	NA	Colorectal Cancer	Colon Adenocarcinoma	NA	COAD	NA	NA	R side	Greater	Mod-poorly Diff	Active enteritis	No Prior Symptoms	Bowel Symptoms	NA	Yes	Liver	Yes	NA	NA	NA	NA	NA	NA	NA	NA	5.456936226	12.91913215	NA	6.933947219
TRF094958	P-0017016	Signet Ring	Foundation	FoundationOne	Primary	Rectosigmoid	Colon	NA	Poor	NA	0.25%	372	Unmatched	NA	NA	NA	Colorectal Cancer	Colon Adenocarcinoma	NA	COAD	NA	NA	L side	Greater	Mod-poorly Diff	Active enteritis	Active IBD	Screening Colonoscopy	NA	NA	NA	NA	NA	NA	NA	NA	NA	NA	NA	NA	NA	NA	NA	13.86789444
TRF094959	TRF094959	No	Foundation	FoundationOne	Primary	Distal Transverse Colon + Rectum	Colon	NA	Mod	NA	0.27%	459	Unmatched	NA	NA	NA	Colorectal Cancer	Colon Adenocarcinoma	NA	COAD	NA	NA	L side	Greater	Mod Diff	Active enteritis	Active IBD	Bowel Symptoms	1_3_YEARS	NA	NA	NA	NA	NA	NA	NA	NA	NA	NA	NA	NA	NA	NA	17.33486805
TRF094961	TRF094961	No	Foundation	FoundationOne	Primary	Cecum	Colon	NA	Mod	NA	0.36%	429	Unmatched	NA	NA	NA	Colon Adenocarcinoma	Colon Adenocarcinoma	NA	COAD	NA	NA	R side	Greater	Mod Diff	NA	NA	Bowel Symptoms	NA	No	Liver	Yes	NA	NA	NA	NA	NA	NA	NA	NA	0	37.31097962	NA	20.80184166
TRF094962	TRF094962	No	Foundation	FoundationOne	Primary	Descending Colon	Colon	NA	Mod	NA	0.26%	475	Unmatched	NA	NA	NA	Colon Adenocarcinoma	Colon Adenocarcinoma	NA	COAD	NA	NA	L side	Greater	Mod Diff	Active enteritis	Quiescent	Bowel Symptoms	>5_YEARS	NA	NA	NA	NA	NA	NA	NA	NA	NA	NA	NA	NA	NA	NA	17.33486805
TRF117576	TRF117576	Signet Ring	Foundation	FoundationOne	Primary	Rectum	Rectum	NA	NA	NA	0.29%	774	Unmatched	NA	NA	NA	Rectal Adenocarcinoma	Rectal Adenocarcinoma	NA	READ	NA	NA	L side	Greater	NA	NA	NA	NA	NA	NA	NA	NA	NA	NA	NA	NA	NA	NA	NA	NA	NA	NA	NA	19.64618379
TRF117577	TRF117577	NA	Foundation	FoundationOne	Primary	Sigmoid	Colon	NA	Poor	NA	0.29%	661	Unmatched	NA	NA	NA	Colon Adenocarcinoma	Colon Adenocarcinoma	NA	COAD	NA	NA	L side	Less	NA	NA	NA	NA	NA	NA	NA	NA	NA	NA	NA	NA	NA	NA	NA	NA	NA	NA	NA	17.33486805
TRF117580	TRF117580	NA	Foundation	FoundationOne	Primary	Rectum	Rectum	NA	Mod	NA	0.29%	737	Unmatched	NA	NA	NA	Rectal Adenocarcinoma	Rectal Adenocarcinoma	NA	READ	NA	NA	L side	Greater	NA	NA	NA	NA	NA	NA	NA	NA	NA	NA	NA	NA	NA	NA	NA	NA	NA	NA	NA	15.02355231
TRF117586	TRF117586	NA	Foundation	FoundationOne	Primary	Rectum	Rectum	NA	NA	NA	0.30%	612	Unmatched	NA	NA	NA	Rectal Adenocarcinoma	Rectal Adenocarcinoma	NA	READ	NA	NA	L side	Greater	NA	NA	NA	NA	NA	NA	NA	NA	NA	NA	NA	NA	NA	NA	NA	NA	NA	NA	NA	12.71223657
TRF117587	TRF117587	NA	Foundation	FoundationOne	Primary	Rectum	Rectum	NA	Mod	NA	0.28%	762	Unmatched	NA	NA	NA	Rectal Adenocarcinoma	Rectal Adenocarcinoma	NA	READ	NA	NA	L side	Greater	NA	NA	NA	NA	NA	NA	NA	NA	NA	NA	NA	NA	NA	NA	NA	NA	NA	NA	NA	20.80184166
TRF117588	TRF117588	Mucinous	Foundation	FoundationOne	Primary	Rectum	Rectum	NA	Poor	NA	0.28%	791	Unmatched	NA	NA	NA	Rectal Adenocarcinoma	Rectal Adenocarcinoma	NA	READ	NA	NA	L side	Greater	NA	NA	NA	NA	NA	NA	NA	NA	NA	NA	NA	NA	NA	NA	NA	NA	NA	NA	NA	12.71223657
TRF117589	TRF117589	NA	Foundation	FoundationOne	Primary	Rectum	Rectum	NA	Mod	NA	0.30%	505	Unmatched	NA	NA	NA	Rectal Adenocarcinoma	Rectal Adenocarcinoma	NA	READ	NA	NA	L side	Greater	NA	NA	NA	NA	NA	NA	NA	NA	NA	NA	NA	NA	NA	NA	NA	NA	NA	NA	NA	94.76394532
TRF117592	TRF117592	NA	Foundation	FoundationOne	Primary	Ascending Colon	Colon	NA	Poor	NA	0.29%	674	Unmatched	NA	NA	NA	Colorectal Cancer	Colon Adenocarcinoma	NA	COAD	NA	NA	R side	Greater	NA	NA	NA	NA	NA	NA	NA	NA	NA	NA	NA	NA	NA	NA	NA	NA	NA	NA	NA	11.5565787
TRF117593	TRF117593	Signet Ring	Foundation	FoundationOne	Primary	Ascending Colon	Colon	NA	Poor	NA	0.29%	724	Unmatched	NA	NA	NA	Colorectal Cancer	Colon Adenocarcinoma	NA	COAD	NA	NA	R side	Less	NA	NA	NA	NA	NA	NA	NA	NA	NA	NA	NA	NA	NA	NA	NA	NA	NA	NA	NA	20.80184166
TRF126381	TRF126381	NA	Foundation	FoundationOne	Primary	Transverse Colon	Colon	NA	NA	NA	0.34%	928	Unmatched	NA	NA	NA	Colon Adenocarcinoma	Colon Adenocarcinoma	NA	COAD	NA	NA	R side	Greater	NA	NA	NA	NA	NA	NA	NA	NA	NA	NA	NA	NA	NA	NA	NA	NA	NA	NA	NA	27.73578888
TRF126382	TRF126382	NA	Foundation	FoundationOne	Primary	Rectum	Rectum	NA	NA	NA	0.32%	801	Unmatched	NA	NA	NA	Rectal Adenocarcinoma	Rectal Adenocarcinoma	NA	READ	NA	NA	L side	Greater	NA	NA	NA	NA	NA	NA	NA	NA	NA	NA	NA	NA	NA	NA	NA	NA	NA	NA	NA	12.71223657
TRF126385	TRF126385	NA	Foundation	FoundationOne	Primary	Rectosigmoid	Colon	NA	NA	NA	0.36%	758	Unmatched	NA	NA	NA	Colorectal Cancer	Colon Adenocarcinoma	NA	COAD	NA	NA	L side	Less	NA	NA	NA	NA	NA	NA	NA	NA	NA	NA	NA	NA	NA	NA	NA	NA	NA	NA	NA	23.1131574
TRF126386	TRF126386	NA	Foundation	FoundationOne	Primary	Transverse Colon	Colon	NA	Mod	NA	0.31%	912	Unmatched	NA	NA	NA	Colorectal Cancer	Colon Adenocarcinoma	NA	COAD	NA	NA	R side	Greater	NA	NA	NA	NA	NA	NA	NA	NA	NA	NA	NA	NA	NA	NA	NA	NA	NA	NA	NA	17.33486805
P-0021194-T03-IM7	P-0021194	NA	MSKCC	IMPACT505	Primary	Colon	Primary	Not Applicable	NA	NA	NA	NA	Matched	NA	NA	20	Colorectal Cancer	Colon Adenocarcinoma	91	COAD	48	NO	L side	Greater	Mod-poorly Diff	NA	Active IBD	Screening Colonoscopy	NA	YES	Liver	Yes	NA	NA	NA	NA	NA	NA	NA	NA	0	NA	NA	0
P-0022329-T01-IM6	P-0022329	NA	MSKCC	IMPACT468	Primary	Sigmoid Colon	Primary	Not Applicable	NA	NA	NA	NA	Matched	0.07	Stable	10	Colorectal Cancer	Colon Adenocarcinoma	593	COAD	70	NO	R side	Greater	Mod Diff	Active enteritis	Quiescent many years	Bowel Symptoms	NA	NA	NA	NA	NA	NA	NA	NA	NA	NA	NA	NA	NA	NA	NA	15.56456571
P-0058127-T02-IM7	P-0058127	NA	Other Institute	IMPACT505	Primary	Colon	Primary	Not Applicable	NA	NA	NA	NA	Matched	3	Stable	40	Colorectal Cancer	Colorectal Adenocarcinoma	504	COADREAD	70	NO	NA	Greater	Mod-poorly Diff	NA	Procto/Colectomy	Bowel Symptoms	NA	NA	NA	NA	NA	NA	NA	NA	NA	NA	NA	NA	NA	NA	NA	24.6104171
P-0058352-T01-IM6	P-0058352	NA	MSKCC	IMPACT468	Primary	Ileum	Primary	Not Applicable	NA	NA	NA	NA	Matched	0.77	Stable	60	Small Bowel Cancer	Small Intestinal Carcinoma	849	SIC	76	NO	L side	Greater	Poorly Diff	NA	Active IBD	Bowel Symptoms	NA	NO	Peritoneum	NA	NA	NA	NA	Yes	NA	NA	NA	NA	NA	NA	49.53977646	10.37637714
P-0069276-T01-IM7	P-0069276	NA	MSKCC	IMPACT505	Metastasis	Colon	Primary	Liver	NA	NA	NA	NA	Matched	0.04	Stable	60	Colorectal Cancer	Colon Adenocarcinoma	307	COAD	77	NO	Small Intestine	NA	Mod Diff	Active enteritis	Active IBD	Bowel Symptoms	NA	YES	Lung	NA	Yes	NA	NA	NA	NA	NA	NA	NA	18.40894149	0	NA	11.48486131
P-0069515-T01-IM7	P-0069515	NA	MSKCC	IMPACT505	Primary	Bowel	Primary	Not Applicable	NA	NA	NA	NA	Matched	0.84	Stable	70	Small Bowel Cancer	Small Intestinal Carcinoma	435	SIC	77	YES	L side	NA	Mod Diff	Active enteritis	Active IBD	Screening Colonoscopy	NA	NO	Lung	NA	Yes	NA	NA	NA	NA	NA	NA	NA	57.23208416	0	NA	16.40694473
P-0070008-T01-IM7	P-0070008	NA	MSKCC	IMPACT505	Primary	Colon	Metastasis	Not Applicable	NA	NA	NA	NA	Matched	0.2	Stable	20	Colorectal Cancer	Colon Adenocarcinoma	457	COAD	NA	YES	R side	Greater	Mod Diff	Active enteritis	Active IBD	Bowel Symptoms	NA	YES	Liver	Yes	NA	NA	NA	NA	NA	NA	NA	NA	0	12.19592373	NA	8.203472366
P-0071707-T01-IM7	P-0071707	NA	Other Institute	IMPACT505	Local Recurrence	Colon	Primary	Not Applicable	NA	NA	NA	NA	Matched	7.57	Indeterminate	20	Colorectal Cancer	Colon Adenocarcinoma	97	COAD	48	NO	R side	Greater	Poorly Diff	NA	Active IBD	Metastatic Disease	NA	NO	Liver, lungs, LNs	NA	NA	NA	Yes	NA	NA	NA	NA	NA	1.808021039	1.808021039	NA	6.562777893
P-0072758-T01-IM7	P-0072758	NA	MSKCC	IMPACT505	Primary	Colon	Primary	Not Applicable	NA	NA	NA	NA	Matched	1.04	Stable	40	Colorectal Cancer	Colon Adenocarcinoma	416	COAD	67	YES	L side	Greater	Poorly Diff	Active enteritis	Active IBD	Screening Colonoscopy	NA	NA	NA	NA	NA	NA	NA	NA	NA	NA	NA	NA	NA	NA	NA	4.922083419
P-0073981-T01-IM7	P-0073981	NA	MSKCC	IMPACT505	Primary	Colon	Primary	Not Applicable	NA	NA	NA	NA	Matched	NA	NA	40	Colorectal Cancer	Rectal Adenocarcinoma	478	READ	71	YES	R side	Less	Mod-poorly Diff	active enteritis	Active IBD	Fistula/Abscess/Stricture	NA	NO	Liver, LNs	Yes	NA	NA	Yes	NA	NA	NA	NA	NA	0	NA	NA	9.844166839
P-0075212-T01-IM7	P-0075212	NA	MSKCC	IMPACT505	Primary	Bowel	Primary	Not Applicable	NA	NA	NA	NA	Matched	0.51	Stable	40	Colorectal Cancer	Rectal Adenocarcinoma	436	READ	72	NO	L side	Greater	Mod Diff	Active enteritis	Active IBD	Screening Colonoscopy	3_5_YEARS	NA	NA	NA	NA	NA	NA	NA	NA	NA	NA	NA	NA	NA	NA	6.562777893
P-0077591-T01-IM7	P-0077591	NA	MSKCC	IMPACT505	Primary	Colon	Primary	Not Applicable	NA	NA	NA	NA	Matched	0.17	Stable	30	Colorectal Cancer	Colon Adenocarcinoma	552	COAD	43	NO	L side	Greater	Poorly Diff	Active enteritis	Quiescent many years	Bowel Symptoms	NA	YES	Peritoneum	NA	NA	NA	NA	Yes	NA	NA	NA	NA	NA	NA	NA	6.562777893
P-0077644-T01-IM7	P-0077644	NA	MSKCC	IMPACT505	Primary	Descending Colon	Primary	Not Applicable	NA	NA	NA	NA	Matched	0.18	Stable	30	Colorectal Cancer	Colon Adenocarcinoma	414	COAD	85	NO	L side	Greater	Mod Diff	Active enteritis	Active IBD	Screening Colonoscopy	NA	NA	NA	NA	NA	NA	NA	NA	NA	NA	NA	NA	NA	NA	NA	13.12555579
P-0070455-T02-IM7	P-0070455	NA	MSKCC	IMPACT505	Primary	NA	Primary	Not Applicable	NA	NA	NA	NA	Matched	0.05	Stable	10	Colorectal Cancer	Colon Adenocarcinoma	610	COAD	62	NO	R side	Greater	NA	NA	Active IBD	Bowel Symptoms	NA	NO	Peritoneum	NA	NA	NA	NA	Yes	NA	NA	NA	NA	NA	NA	NA	7.383125129
